{
  "accuracy": 0.9987071751777634,
  "balanced_accuracy": 0.9990629024344951,
  "matthews_correlation_coefficient": 0.9985877584756128,
  "cohen_kappa": 0.9985873018572712,
  "macro": {
    "precision": 0.9987523264281355,
    "recall": 0.9990629024344951,
    "f1": 0.9989051607670526
  },
  "weighted": {
    "precision": 0.9987132240153775,
    "recall": 0.9987071751777634,
    "f1": 0.9987075532855707
  },
  "per_class": {
    "Pepper__bell___Bacterial_spot": {
      "precision": 0.9933333333333333,
      "recall": 1.0,
      "f1": 0.9966555183946488,
      "support": 149,
      "roc_auc": 1.0
    },
    "Pepper__bell___healthy": {
      "precision": 1.0,
      "recall": 0.995475113122172,
      "f1": 0.9977324263038548,
      "support": 221,
      "roc_auc": 1.0
    },
    "Potato___Early_blight": {
      "precision": 1.0,
      "recall": 1.0,
      "f1": 1.0,
      "support": 150,
      "roc_auc": 0.9999999999999999
    },
    "Potato___Late_blight": {
      "precision": 1.0,
      "recall": 1.0,
      "f1": 1.0,
      "support": 150,
      "roc_auc": 1.0
    },
    "Potato___healthy": {
      "precision": 1.0,
      "recall": 1.0,
      "f1": 1.0,
      "support": 23,
      "roc_auc": 1.0
    },
    "Tomato_Bacterial_spot": {
      "precision": 0.996875,
      "recall": 1.0,
      "f1": 0.9984350547730829,
      "support": 319,
      "roc_auc": 0.9999988703436979
    },
    "Tomato_Early_blight": {
      "precision": 1.0,
      "recall": 1.0,
      "f1": 1.0,
      "support": 150,
      "roc_auc": 1.0
    },
    "Tomato_Late_blight": {
      "precision": 1.0,
      "recall": 0.9965156794425087,
      "f1": 0.9982547993019197,
      "support": 287,
      "roc_auc": 0.9994712074964406
    },
    "Tomato_Leaf_Mold": {
      "precision": 1.0,
      "recall": 1.0,
      "f1": 1.0,
      "support": 143,
      "roc_auc": 1.0
    },
    "Tomato_Septoria_leaf_spot": {
      "precision": 1.0,
      "recall": 1.0,
      "f1": 1.0,
      "support": 265,
      "roc_auc": 1.0
    },
    "Tomato_Spider_mites_Two_spotted_spider_mite": {
      "precision": 1.0,
      "recall": 0.996031746031746,
      "f1": 0.9980119284294234,
      "support": 252,
      "roc_auc": 1.0
    },
    "Tomato__Target_Spot": {
      "precision": 0.995260663507109,
      "recall": 1.0,
      "f1": 0.997624703087886,
      "support": 210,
      "roc_auc": 1.0
    },
    "Tomato__Tomato_YellowLeaf__Curl_Virus": {
      "precision": 1.0,
      "recall": 0.997920997920998,
      "f1": 0.9989594172736732,
      "support": 481,
      "roc_auc": 1.0
    },
    "Tomato__Tomato_mosaic_virus": {
      "precision": 1.0,
      "recall": 1.0,
      "f1": 1.0,
      "support": 56,
      "roc_auc": 1.0
    },
    "Tomato_healthy": {
      "precision": 0.99581589958159,
      "recall": 1.0,
      "f1": 0.9979035639412998,
      "support": 238,
      "roc_auc": 0.9998249299719888
    }
  },
  "report": "                                             precision    recall  f1-score   support\n\n              Pepper__bell___Bacterial_spot       0.99      1.00      1.00       149\n                     Pepper__bell___healthy       1.00      1.00      1.00       221\n                      Potato___Early_blight       1.00      1.00      1.00       150\n                       Potato___Late_blight       1.00      1.00      1.00       150\n                           Potato___healthy       1.00      1.00      1.00        23\n                      Tomato_Bacterial_spot       1.00      1.00      1.00       319\n                        Tomato_Early_blight       1.00      1.00      1.00       150\n                         Tomato_Late_blight       1.00      1.00      1.00       287\n                           Tomato_Leaf_Mold       1.00      1.00      1.00       143\n                  Tomato_Septoria_leaf_spot       1.00      1.00      1.00       265\nTomato_Spider_mites_Two_spotted_spider_mite       1.00      1.00      1.00       252\n                        Tomato__Target_Spot       1.00      1.00      1.00       210\n      Tomato__Tomato_YellowLeaf__Curl_Virus       1.00      1.00      1.00       481\n                Tomato__Tomato_mosaic_virus       1.00      1.00      1.00        56\n                             Tomato_healthy       1.00      1.00      1.00       238\n\n                                   accuracy                           1.00      3094\n                                  macro avg       1.00      1.00      1.00      3094\n                               weighted avg       1.00      1.00      1.00      3094\n",
  "calibration": {
    "expected_calibration_error": 0.001292268100826166,
    "negative_log_likelihood": 0.03545194344673228,
    "brier_score": 0.0025834246770279038,
    "bins": [
      {
        "lower": 0.0,
        "upper": 0.06666666666666667,
        "count": 0,
        "accuracy": null,
        "confidence": null,
        "gap": null
      },
      {
        "lower": 0.06666666666666667,
        "upper": 0.13333333333333333,
        "count": 0,
        "accuracy": null,
        "confidence": null,
        "gap": null
      },
      {
        "lower": 0.13333333333333333,
        "upper": 0.2,
        "count": 0,
        "accuracy": null,
        "confidence": null,
        "gap": null
      },
      {
        "lower": 0.2,
        "upper": 0.26666666666666666,
        "count": 0,
        "accuracy": null,
        "confidence": null,
        "gap": null
      },
      {
        "lower": 0.26666666666666666,
        "upper": 0.3333333333333333,
        "count": 0,
        "accuracy": null,
        "confidence": null,
        "gap": null
      },
      {
        "lower": 0.3333333333333333,
        "upper": 0.4,
        "count": 0,
        "accuracy": null,
        "confidence": null,
        "gap": null
      },
      {
        "lower": 0.4,
        "upper": 0.4666666666666667,
        "count": 0,
        "accuracy": null,
        "confidence": null,
        "gap": null
      },
      {
        "lower": 0.4666666666666667,
        "upper": 0.5333333333333333,
        "count": 0,
        "accuracy": null,
        "confidence": null,
        "gap": null
      },
      {
        "lower": 0.5333333333333333,
        "upper": 0.6,
        "count": 0,
        "accuracy": null,
        "confidence": null,
        "gap": null
      },
      {
        "lower": 0.6,
        "upper": 0.6666666666666666,
        "count": 0,
        "accuracy": null,
        "confidence": null,
        "gap": null
      },
      {
        "lower": 0.6666666666666666,
        "upper": 0.7333333333333333,
        "count": 0,
        "accuracy": null,
        "confidence": null,
        "gap": null
      },
      {
        "lower": 0.7333333333333333,
        "upper": 0.8,
        "count": 0,
        "accuracy": null,
        "confidence": null,
        "gap": null
      },
      {
        "lower": 0.8,
        "upper": 0.8666666666666667,
        "count": 0,
        "accuracy": null,
        "confidence": null,
        "gap": null
      },
      {
        "lower": 0.8666666666666667,
        "upper": 0.9333333333333333,
        "count": 0,
        "accuracy": null,
        "confidence": null,
        "gap": null
      },
      {
        "lower": 0.9333333333333333,
        "upper": 1.0,
        "count": 3094,
        "accuracy": 0.9987071751777634,
        "confidence": 0.9999994432785896,
        "gap": 0.001292268100826166
      }
    ]
  },
  "roc_auc_ovr_macro": 0.9999530005208085,
  "roc_auc_ovr_weighted": 0.9999373657157246,
  "schema_version": "2.5",
  "architecture": "efficientnetv2_s",
  "image_size": 300,
  "test_loss": 0.9747051458032808,
  "validation": {
    "accuracy": 1.0,
    "balanced_accuracy": 1.0,
    "matthews_correlation_coefficient": 1.0,
    "cohen_kappa": 1.0,
    "macro": {
      "precision": 1.0,
      "recall": 1.0,
      "f1": 1.0
    },
    "weighted": {
      "precision": 1.0,
      "recall": 1.0,
      "f1": 1.0
    },